Industry_code_NZSIOC,Value
99999,572047
99999,501943
99999,53557
99999,16547
99999,506072
99999,35826
99999,6016
99999,16525
99999,83274
99999,285
99999,1597
99999,353617
99999,9217
99999,50922
99999,52935
99999,67989
99999,1698089
99999,504050
99999,379697
99999,814340
99999,1698089
99999,530672
99999,651674
99999,515742
99999,353500
99999,42000
99999,77
99999,69
99999,13
99999,4
99999,31
AA111,3441
AA111,3284
AA111,45
AA111,112
AA111,2954
AA111,191
AA111,32
AA111,159
AA111,574
AA111,0
AA111,1976
AA111,22
AA111,275
AA111,302
AA111,513
AA111,9893
AA111,1848
AA111,6759
AA111,1287
AA111,9893
AA111,4029
AA111,2606
AA111,3258
AA111,145900
AA111,21800
AA111,71
AA111,59
AA111,13
AA111,5
AA111,41
AA11,3441
AA11,3284
AA11,45
AA11,112
AA11,2954
AA11,191
AA11,32
AA11,159
AA11,574
AA11,0
AA11,1976
AA11,22
AA11,275
AA11,302
AA11,513
AA11,9893
AA11,1848
AA11,6759
AA11,1287
AA11,9893
AA11,4029
AA11,2606
AA11,3258
AA11,145900
AA11,21800
AA11,71
AA11,59
AA11,13
AA11,5
AA11,41
AA121,9720
AA121,8972
AA121,C
AA121,C
AA121,8213
AA121,640
AA121,163
AA121,436
AA121,838
AA121,0
AA121,6074
AA121,63
AA121,4906
AA121,4981
AA121,1581
AA121,46822
AA121,9286
AA121,29509
AA121,8028
AA121,46822
AA121,27295
AA121,7182
AA121,12346
AA121,470700
AA121,76600
AA121,129
AA121,60
AA121,6
AA121,3
AA121,58
AA12,9720
AA12,8972
AA12,C
AA12,C
AA12,8213
AA12,640
AA12,163
AA12,436
AA12,838
AA12,0
AA12,6074
AA12,63
AA12,4906
AA12,4981
AA12,1581
AA12,46822
AA12,9286
AA12,29509
AA12,8028
AA12,46822
AA12,27295
AA12,7182
AA12,12346
AA12,470700
AA12,76600
AA12,129
AA12,60
AA12,6
AA12,3
AA12,58
AA131,14879
AA131,14395
AA131,153
AA131,331
AA131,11959
AA131,1574
AA131,152
AA131,592
AA131,1412
AA131,0
AA131,8174
AA131,55
AA131,7156
AA131,7201
AA131,2965
AA131,59366
AA131,11280
AA131,34438
AA131,13647
AA131,59366
AA131,23662
AA131,8497
AA131,27207
AA131,580800
AA131,115700
AA131,133
AA131,48
AA131,13
AA131,5
AA131,40
AA13,14879
AA13,14395
AA13,153
AA13,331
AA13,11959
AA13,1574
AA13,152
AA13,592
AA13,1412
AA13,0
AA13,8174
AA13,55
AA13,7156
AA13,7201
AA13,2965
AA13,59366
AA13,11280
AA13,34438
AA13,13647
AA13,59366
AA13,23662
AA13,8497
AA13,27207
AA13,580800
AA13,115700
AA13,133
AA13,48
AA13,13
AA13,5
AA13,40
AA141,1588
AA141,1517
AA141,16
AA141,56
AA141,1427
AA141,80
AA141,14
AA141,70
AA141,186
AA141,0
AA141,1072
AA141,4
AA141,503
AA141,490
AA141,148
AA141,4824
AA141,1202
AA141,2861
AA141,761
AA141,4824
AA141,2216
AA141,1058
AA141,1550
AA141,332700
AA141,31100
AA141,114
AA141,67
AA141,7
AA141,3
AA141,46
AA14,1588
AA14,1517
AA14,16
AA14,56
AA14,1427
AA14,80
AA14,14
AA14,70
AA14,186
AA14,0
AA14,1072
AA14,4
AA14,503
AA14,490
AA14,148
AA14,4824
AA14,1202
AA14,2861
AA14,761
AA14,4824
AA14,2216
AA14,1058
AA14,1550
AA14,332700
AA14,31100
AA14,114
AA14,67
AA14,7
AA14,3
AA14,46
AA211,4664
AA211,3924
AA211,C
AA211,C
AA211,C
AA211,3486
AA211,208
AA211,19
AA211,124
AA211,299
AA211,0
AA211,2621
AA211,215
AA211,161
AA211,160
AA211,1177
AA211,14642
AA211,1406
AA211,3280
AA211,9956
AA211,14642
AA211,8355
AA211,2045
AA211,4242
AA211,939700
AA211,237100
AA211,69
AA211,61
AA211,14
AA211,8
AA211,57
AA21,4664
AA21,3924
AA21,C
AA21,C
AA21,C
AA21,3486
AA21,208
AA21,19
AA21,124
AA21,299
AA21,0
AA21,2621
AA21,215
AA21,161
AA21,160
AA21,1177
AA21,14642
AA21,1406
AA21,3280
AA21,9956
AA21,14642
AA21,8355
AA21,2045
AA21,4242
AA21,939700
AA21,237100
AA21,69
AA21,61
AA21,14
AA21,8
AA21,57
AA31,1240
AA31,1192
AA31,9
AA31,39
AA31,1119
AA31,21
AA31,19
AA31,40
AA31,155
AA31,C
AA31,864
AA31,21
AA31,93
AA31,92
AA31,120
AA31,1657
AA31,422
AA31,428
AA31,807
AA31,1657
AA31,655
AA31,321
AA31,680
AA31,564100
AA31,54500
AA31,131
AA31,103
AA31,18
AA31,7
AA31,40
AA32,3368
AA32,3303
AA32,15
AA32,C
AA32,C
AA32,3050
AA32,84
AA32,22
AA32,184
AA32,898
AA32,C
AA32,1826
AA32,35
AA32,142
AA32,163
AA32,339
AA32,3935
AA32,1078
AA32,2206
AA32,652
AA32,3935
AA32,1531
AA32,1161
AA32,1243
AA32,151300
AA32,15200
AA32,93
AA32,79
AA32,22
AA32,9
AA32,39
AA,38899
AA,36587
AA,388
AA,8
AA,1916
AA,32208
AA,2798
AA,421
AA,1605
AA,4362
AA,C
AA,22605
AA,415
AA,13237
AA,13388
AA,6843
AA,141139
AA,26522
AA,79480
AA,35137
AA,141139
AA,67743
AA,22870
AA,50526
AA,373900
AA,65800
AA,116
AA,57
AA,10
AA,5
AA,48
BB,7661
BB,6788
BB,542
BB,0
BB,331
BB,6577
BB,142
BB,39
BB,1069
BB,698
BB,11
BB,3613
BB,1016
BB,452
BB,465
BB,1097
BB,35002
BB,23467
BB,8915
BB,1637
BB,189
BB,2620
BB,35002
BB,7622
BB,22245
BB,5136
BB,1270500
BB,182000
BB,105
BB,103
BB,14
BB,3
BB,22
CC151,5357
CC151,273
CC151,5024
CC151,29
CC151,1
CC151,29
CC151,4986
CC151,97
CC151,1073
CC151,194
CC151,536
CC151,6
CC151,195
CC151,2840
CC151,50
CC151,1268
CC151,1404
CC151,507
CC151,7365
CC151,2649
CC151,3032
CC151,395
CC151,82
CC151,1683
CC151,7365
CC151,3559
CC151,1773
CC151,2032
CC151,583100
CC151,55200
CC151,149
CC151,70
CC151,28
CC151,14
CC151,7
CC151,48
CC15,5357
CC15,273
CC15,5024
CC15,29
CC15,1
CC15,29
CC15,4986
CC15,97
CC15,1073
CC15,194
CC15,536
CC15,6
CC15,195
CC15,2840
CC15,50
CC15,1268
CC15,1404
CC15,507
CC15,7365
CC15,2649
CC15,3032
CC15,395
CC15,82
CC15,1683
CC15,7365
CC15,3559
CC15,1773
CC15,2032
CC15,583100
CC15,55200
CC15,149
CC15,70
CC15,28
CC15,14
CC15,7
CC15,48
CC211,1853
CC211,146
CC211,1678
CC211,20
CC211,1
CC211,9
CC211,1811
CC211,24
CC211,4
CC211,31
CC211,280
CC211,C
CC211,106
CC211,1350
CC211,17
CC211,283
CC211,317
CC211,76
CC211,1125
CC211,C
CC211,309
CC211,31
CC211,19
CC211,C
CC211,1125
CC211,335
CC211,470
CC211,320
CC211,318200
CC211,13100
CC211,C
CC211,C
CC211,27
CC211,23
CC211,7
CC211,30
CC212,483
CC212,67
CC212,413
CC212,1
CC212,0
CC212,2
CC212,480
CC212,7
CC212,2
CC212,9
CC212,157
CC212,0
CC212,45
CC212,257
CC212,4
CC212,122
CC212,121
CC212,2
CC212,300
CC212,221
CC212,57
CC212,10
CC212,4
CC212,23
CC212,300
CC212,132
CC212,123
CC212,45
CC212,126700
CC212,500
CC212,180
CC212,81
CC212,34
CC212,1
CC212,1
CC212,44
CC21,2337
CC21,213
CC21,2091
CC21,21
CC21,1
CC21,11
CC21,2292
CC21,31
CC21,6
CC21,40
CC21,437
CC21,C
CC21,150
CC21,1607
CC21,22
CC21,405
CC21,439
CC21,78
CC21,1425
CC21,C
CC21,366
CC21,41
CC21,24
CC21,C
CC21,1425
CC21,466
CC21,593
CC21,366
CC21,242400
CC21,8100
CC21,C
CC21,C
CC21,29
CC21,17
CC21,5
CC21,33
CC311,4723
CC311,230
CC311,4432
CC311,12
CC311,1
CC311,49
CC311,4627
CC311,57
CC311,12
CC311,139
CC311,862
CC311,1
CC311,143
CC311,3374
CC311,40
CC311,549
CC311,545
CC311,92
CC311,4313
CC311,1506
CC311,1323
CC311,167
CC311,72
CC311,1483
CC311,4313
CC311,1950
CC311,1117
CC311,1245
CC311,289600
CC311,5600
CC311,135
CC311,86
CC311,38
CC311,5
CC311,2
CC311,45
CC31,4723
CC31,230
CC31,4432
CC31,12
CC31,1
CC31,49
CC31,4627
CC31,57
CC31,12
CC31,139
CC31,862
CC31,1
CC31,143
CC31,3374
CC31,40
CC31,549
CC31,545
CC31,92
CC31,4313
CC31,1506
CC31,1323
CC31,167
CC31,72
CC31,1483
CC31,4313
CC31,1950
CC31,1117
CC31,1245
CC31,289600
CC31,5600
CC31,135
CC31,86
CC31,38
CC31,5
CC31,2
CC31,45
CC321,3164
CC321,C
CC321,2796
CC321,3
CC321,0
CC321,C
CC321,3083
CC321,32
CC321,10
CC321,138
CC321,391
CC321,C
CC321,116
CC321,2278
CC321,118
CC321,422
CC321,422
CC321,82
CC321,2525
CC321,999
CC321,1023
CC321,118
CC321,97
CC321,503
CC321,2525
CC321,1494
CC321,574
CC321,457
CC321,607100
CC321,15700
CC321,174
CC321,101
CC321,C
CC321,5
CC321,3
CC321,59
CC32,3164
CC32,C
CC32,2796
CC32,3
CC32,0
CC32,C
CC32,3083
CC32,32
CC32,10
CC32,138
CC32,391
CC32,C
CC32,116
CC32,2278
CC32,118
CC32,422
CC32,422
CC32,82
CC32,2525
CC32,999
CC32,1023
CC32,118
CC32,97
CC32,503
CC32,2525
CC32,1494
CC32,574
CC32,457
CC32,607100
CC32,15700
CC32,174
CC32,101
CC32,C
CC32,5
CC32,3
CC32,59
CC411,1673
CC411,110
CC411,1553
CC411,2
CC411,0
CC411,7
CC411,1601
CC411,25
CC411,7
CC411,66
CC411,466
CC411,1
CC411,105
CC411,921
CC411,11
CC411,111
CC411,109
CC411,69
CC411,1147
CC411,490
CC411,429
CC411,66
CC411,30
CC411,228
CC411,1147
CC411,287
CC411,537
CC411,323
CC411,196800
CC411,8200
CC411,91
CC411,71
CC411,5
CC411,24
CC411,6
CC411,25
CC41,1673
CC41,110
CC41,1553
CC41,2
CC41,0
CC41,7
CC41,1601
CC41,25
CC41,7
CC41,66
CC41,466
CC41,1
CC41,105
CC41,921
CC41,11
CC41,111
CC41,109
CC41,69
CC41,1147
CC41,490
CC41,429
CC41,66
CC41,30
CC41,228
CC41,1147
CC41,287
CC41,537
CC41,323
CC41,196800
CC41,8200
CC41,91
CC41,71
CC41,5
CC41,24
CC41,6
CC41,25
CC511,12123
CC511,3634
CC511,8227
CC511,C
CC511,0
CC511,C
CC511,11686
CC511,C
CC511,1790
CC511,159
CC511,188
CC511,0
CC511,3141
CC511,6283
CC511,C
CC511,1502
CC511,1674
CC511,609
CC511,5932
CC511,3394
CC511,2036
CC511,364
CC511,19
CC511,502
CC511,5932
CC511,2618
CC511,1667
CC511,1646
CC511,9479400
CC511,476000
CC511,204
CC511,103
CC511,14
CC511,23
CC511,10
CC511,44
CC51,12123
CC51,3634
CC51,8227
CC51,C
CC51,0
CC51,C
CC51,11686
CC51,C
CC51,1790
CC51,159
CC51,188
CC51,0
CC51,3141
CC51,6283
CC51,C
CC51,1502
CC51,1674
CC51,609
CC51,5932
CC51,3394
CC51,2036
CC51,364
CC51,19
CC51,502
CC51,5932
CC51,2618
CC51,1667
CC51,1646
CC51,9479400
CC51,476000
CC51,204
CC51,103
CC51,14
CC51,23
CC51,10
CC51,44
CC521,1539
CC521,1514
CC521,C
CC521,C
CC521,2
CC521,1319
CC521,C
CC521,3
CC521,71
CC521,131
CC521,C
CC521,1089
CC521,C
CC521,116
CC521,117
CC521,221
CC521,1692
CC521,C
CC521,741
CC521,C
CC521,C
CC521,C
CC521,1692
CC521,1133
CC521,243
CC521,317
CC521,981400
CC521,140700
CC521,C
CC521,C
CC521,19
CC521,13
CC521,67
CC522,1982
CC522,1960
CC522,C
CC522,C
CC522,1
CC522,1860
CC522,C
CC522,7
CC522,61
CC522,140
CC522,C
CC522,1614
CC522,C
CC522,361
CC522,329
CC522,90
CC522,1471
CC522,C
CC522,469
CC522,C
CC522,C
CC522,C
CC522,1471
CC522,1000
CC522,387
CC522,84
CC522,1153300
CC522,52100
CC522,C
CC522,C
CC522,9
CC522,6
CC522,68
CC523,1519
CC523,398
CC523,1110
CC523,4
CC523,1
CC523,5
CC523,1425
CC523,20
CC523,7
CC523,36
CC523,245
CC523,C
CC523,279
CC523,827
CC523,10
CC523,258
CC523,256
CC523,92
CC523,1275
CC523,755
CC523,290
CC523,55
CC523,25
CC523,229
CC523,1275
CC523,586
CC523,372
CC523,317
CC523,377300
CC523,22900
CC523,203
CC523,134
CC523,30
CC523,16
CC523,7
CC523,46
CC52,5040
CC52,979
CC52,4004
CC52,45
CC52,4
CC52,8
CC52,4604
CC52,60
CC52,17
CC52,167
CC52,516
CC52,9
CC52,726
CC52,3083
CC52,35
CC52,735
CC52,702
CC52,402
CC52,4438
CC52,1988
CC52,1500
CC52,437
CC52,78
CC52,949
CC52,4438
CC52,2718
CC52,1002
CC52,717
CC52,689300
CC52,55000
CC52,198
CC52,128
CC52,26
CC52,15
CC52,9
CC52,61
CC531,3753
CC531,394
CC531,3296
CC531,16
CC531,0
CC531,48
CC531,3419
CC531,47
CC531,17
CC531,108
CC531,721
CC531,2
CC531,217
CC531,2271
CC531,38
CC531,516
CC531,532
CC531,349
CC531,3292
CC531,1476
CC531,801
CC531,133
CC531,21
CC531,1016
CC531,3292
CC531,1438
CC531,1566
CC531,288
CC531,297500
CC531,27700
CC531,94
CC531,60
CC531,45
CC531,24
CC531,11
CC531,44
CC53,3753
CC53,394
CC53,3296
CC53,16
CC53,0
CC53,48
CC53,3419
CC53,47
CC53,17
CC53,108
CC53,721
CC53,2
CC53,217
CC53,2271
CC53,38
CC53,516
CC53,532
CC53,349
CC53,3292
CC53,1476
CC53,801
CC53,133
CC53,21
CC53,1016
CC53,3292
CC53,1438
CC53,1566
CC53,288
CC53,297500
CC53,27700
CC53,94
CC53,60
CC53,45
CC53,24
CC53,11
CC53,44
CC611,3095
CC611,C
CC611,2689
CC611,36
CC611,0
CC611,C
CC611,2776
CC611,36
CC611,17
CC611,127
CC611,519
CC611,3
CC611,295
CC611,1742
CC611,41
CC611,278
CC611,287
CC611,329
CC611,2772
CC611,969
CC611,1096
CC611,149
CC611,55
CC611,706
CC611,2772
CC611,1441
CC611,840
CC611,490
CC611,331800
CC611,35200
CC611,115
CC611,81
CC611,C
CC611,23
CC611,12
CC611,52
CC61,3095
CC61,C
CC61,2689
CC61,36
CC61,0
CC61,C
CC61,2776
CC61,36
CC61,17
CC61,127
CC61,519
CC61,3
CC61,295
CC61,1742
CC61,41
CC61,278
CC61,287
CC61,329
CC61,2772
CC61,969
CC61,1096
CC61,149
CC61,55
CC61,706
CC61,2772
CC61,1441
CC61,840
CC61,490
CC61,331800
CC61,35200
CC61,115
CC61,81
CC61,C
CC61,23
CC61,12
CC61,52
CC711,3687
CC711,70
CC711,3316
CC711,C
CC711,C
CC711,C
CC711,3443
CC711,C
CC711,4
CC711,108
CC711,493
CC711,0
CC711,62
CC711,2718
CC711,C
CC711,452
CC711,439
CC711,230
CC711,2992
CC711,C
CC711,1051
CC711,116
CC711,5
CC711,C
CC711,2992
CC711,1241
CC711,1148
CC711,602
CC711,769400
CC711,48000
CC711,C
CC711,C
CC711,12
CC711,19
CC711,8
CC711,41
CC71,3687
CC71,70
CC71,3316
CC71,C
CC71,C
CC71,C
CC71,3443
CC71,C
CC71,4
CC71,108
CC71,493
CC71,0
CC71,62
CC71,2718
CC71,C
CC71,452
CC71,439
CC71,230
CC71,2992
CC71,C
CC71,1051
CC71,116
CC71,5
CC71,C
CC71,2992
CC71,1241
CC71,1148
CC71,602
CC71,769400
CC71,48000
CC71,C
CC71,C
CC71,12
CC71,19
CC71,8
CC71,41
CC721,5260
CC721,336
CC721,4882
CC721,22
CC721,1
CC721,18
CC721,4868
CC721,56
CC721,15
CC721,100
CC721,1131
CC721,1
CC721,239
CC721,3297
CC721,30
CC721,504
CC721,571
CC721,460
CC721,3522
CC721,1892
CC721,828
CC721,179
CC721,61
CC721,803
CC721,3522
CC721,1579
CC721,1284
CC721,659
CC721,240900
CC721,21000
CC721,147
CC721,103
CC721,29
CC721,29
CC721,13
CC721,45
CC72,5260
CC72,336
CC72,4882
CC72,22
CC72,1
CC72,18
CC72,4868
CC72,56
CC72,15
CC72,100
CC72,1131
CC72,1
CC72,239
CC72,3297
CC72,30
CC72,504
CC72,571
CC72,460
CC72,3522
CC72,1892
CC72,828
CC72,179
CC72,61
CC72,803
CC72,3522
CC72,1579
CC72,1284
CC72,659
CC72,240900
CC72,21000
CC72,147
CC72,103
CC72,29
CC72,29
CC72,13
CC72,45
CC811,2486
CC811,36
CC811,2439
CC811,3
CC811,1
CC811,7
CC811,2379
CC811,12
CC811,4
CC811,53
CC811,727
CC811,C
CC811,38
CC811,1532
CC811,14
CC811,355
CC811,387
CC811,138
CC811,1799
CC811,1106
CC811,521
CC811,72
CC811,19
CC811,172
CC811,1799
CC811,782
CC811,766
CC811,251
CC811,235200
CC811,13100
CC811,144
CC811,94
CC811,-6
CC811,18
CC811,8
CC811,43
CC81,2486
CC81,36
CC81,2439
CC81,3
CC81,1
CC81,7
CC81,2379
CC81,12
CC81,4
CC81,53
CC81,727
CC81,C
CC81,38
CC81,1532
CC81,14
CC81,355
CC81,387
CC81,138
CC81,1799
CC81,1106
CC81,521
CC81,72
CC81,19
CC81,172
CC81,1799
CC81,782
CC81,766
CC81,251
CC81,235200
CC81,13100
CC81,144
CC81,94
CC81,-6
CC81,18
CC81,8
CC81,43
CC821,3391
CC821,362
CC821,2903
CC821,20
CC821,15
CC821,92
CC821,3382
CC821,66
CC821,9
CC821,97
CC821,726
CC821,10
CC821,157
CC821,2152
CC821,176
CC821,448
CC821,432
CC821,-7
CC821,3343
CC821,1664
CC821,331
CC821,81
CC821,20
CC821,1348
CC821,3343
CC821,1065
CC821,1417
CC821,861
CC821,294800
CC821,-600
CC821,117
CC821,87
CC821,56
CC821,-1
CC821,0
CC821,32
CC822,3666
CC822,417
CC822,3205
CC822,23
CC822,7
CC822,14
CC822,3328
CC822,34
CC822,10
CC822,71
CC822,915
CC822,1
CC822,291
CC822,1980
CC822,26
CC822,442
CC822,414
CC822,310
CC822,2459
CC822,1528
CC822,534
CC822,131
CC822,49
CC822,397
CC822,2459
CC822,1084
CC822,923
CC822,452
CC822,240700
CC822,20400
CC822,166
CC822,121
CC822,30
CC822,29
CC822,13
CC822,44
CC82,7057
CC82,779
CC82,6108
CC82,42
CC82,22
CC82,106
CC82,6710
CC82,100
CC82,20
CC82,168
CC82,1641
CC82,10
CC82,449
CC82,4132
CC82,201
CC82,890
CC82,846
CC82,303
CC82,5802
CC82,3192
CC82,865
CC82,212
CC82,69
CC82,1745
CC82,5802
CC82,2149
CC82,2340
CC82,1313
CC82,263900
CC82,11300
CC82,136
CC82,100
CC82,42
CC82,14
CC82,5
CC82,37
CC911,1103
CC911,84
CC911,1013
CC911,3
CC911,0
CC911,3
CC911,1030
CC911,15
CC911,5
CC911,21
CC911,268
CC911,0
CC911,62
CC911,645
CC911,14
CC911,93
CC911,99
CC911,79
CC911,588
CC911,350
CC911,149
CC911,37
CC911,21
CC911,89
CC911,588
CC911,149
CC911,243
CC911,196
CC911,207300
CC911,14900
CC911,144
CC911,104
CC911,26
CC911,53
CC911,13
CC911,25
CC912,545
CC912,64
CC912,478
CC912,2
CC912,C
CC912,C
CC912,504
CC912,7
CC912,2
CC912,10
CC912,127
CC912,0
CC912,40
CC912,316
CC912,2
CC912,96
CC912,99
CC912,44
CC912,350
CC912,228
CC912,78
CC912,21
CC912,7
CC912,44
CC912,350
CC912,131
CC912,145
CC912,74
CC912,207900
CC912,16800
CC912,157
CC912,89
CC912,37
CC912,34
CC912,13
CC912,37
CC91,1649
CC91,147
CC91,1492
CC91,4
CC91,C
CC91,C
CC91,1534
CC91,22
CC91,7
CC91,31
CC91,396
CC91,0
CC91,102
CC91,961
CC91,16
CC91,189
CC91,198
CC91,123
CC91,938
CC91,578
CC91,227
CC91,58
CC91,28
CC91,133
CC91,938
CC91,280
CC91,388
CC91,270
CC91,207500
CC91,15500
CC91,149
CC91,98
CC91,31
CC91,44
CC91,13
CC91,30
CC,104233
CC,10676
CC,91764
CC,559
CC,40
CC,1194
CC,100802
CC,1181
CC,3096
CC,2450
CC,13073
CC,63
CC,7718
CC,72272
CC,1012
CC,12310
CC,13048
CC,4169
CC,73488
CC,32283
CC,24125
CC,3925
CC,999
CC,17080
CC,73488
CC,33103
CC,26901
CC,13483
CC,471200
CC,18800
CC,120
CC,72
CC,28
CC,13
CC,6
CC,45
DD11,15272
DD11,14735
DD11,C
DD11,0
DD11,C
DD11,12986
DD11,1029
DD11,42
DD11,1448
DD11,819
DD11,C
DD11,9341
DD11,307
DD11,345
DD11,404
DD11,2344
DD11,C
DD11,5001
DD11,C
DD11,1966
DD11,327
DD11,5543
DD11,C
DD11,C
DD11,4935
DD11,C
DD11,1597900
DD11,245300
DD11,101
DD11,93
DD11,C
DD11,C
DD11,C
DD12,2011
DD12,1904
DD12,C
DD12,5
DD12,C
DD12,1782
DD12,93
DD12,19
DD12,316
DD12,347
DD12,C
DD12,965
DD12,42
DD12,14
DD12,17
DD12,232
DD12,C
DD12,524
DD12,C
DD12,554
DD12,67
DD12,332
DD12,C
DD12,C
DD12,914
DD12,C
DD12,346400
DD12,39900
DD12,57
DD12,55
DD12,C
DD12,C
DD12,C
DD,17284
DD,16638
DD,289
DD,5
DD,352
DD,14768
DD,1123
DD,61
DD,1764
DD,1166
DD,13
DD,10305
DD,349
DD,360
DD,420
DD,2576
DD,61579
DD,5524
DD,50180
DD,2520
DD,394
DD,5875
DD,61579
DD,33331
DD,5849
DD,22398
DD,1124900
DD,167700
DD,94
DD,87
DD,8
DD,4
DD,54
EE112,9235
EE112,9180
EE112,C
EE112,2
EE112,C
EE112,8894
EE112,91
EE112,20
EE112,89
EE112,1249
EE112,1
EE112,7412
EE112,33
EE112,1226
EE112,1462
EE112,577
EE112,4648
EE112,3314
EE112,881
EE112,247
EE112,122
EE112,453
EE112,4648
EE112,1042
EE112,2733
EE112,873
EE112,510200
EE112,31900
EE112,121
EE112,68
EE112,55
EE112,12
EE112,22
EE113,5795
EE113,5700
EE113,C
EE113,0
EE113,C
EE113,5540
EE113,39
EE113,10
EE113,33
EE113,680
EE113,0
EE113,4760
EE113,18
EE113,480
EE113,506
EE113,281
EE113,3381
EE113,1809
EE113,438
EE113,122
EE113,44
EE113,1134
EE113,3381
EE113,1324
EE113,1612
EE113,445
EE113,630600
EE113,30600
EE113,112
EE113,81
EE113,21
EE113,8
EE113,39
EE11,15030
EE11,14880
EE11,110
EE11,3
EE11,37
EE11,14434
EE11,129
EE11,30
EE11,122
EE11,1930
EE11,2
EE11,12172
EE11,51
EE11,1706
EE11,1968
EE11,858
EE11,8029
EE11,5123
EE11,1319
EE11,369
EE11,167
EE11,1586
EE11,8029
EE11,2366
EE11,4345
EE11,1318
EE11,550800
EE11,31400
EE11,118
EE11,73
EE11,36
EE11,11
EE11,29
EE121,9872
EE121,9823
EE121,29
EE121,0
EE121,19
EE121,9381
EE121,65
EE121,47
EE121,236
EE121,2135
EE121,3
EE121,6868
EE121,29
EE121,167
EE121,162
EE121,486
EE121,5177
EE121,2968
EE121,1476
EE121,420
EE121,83
EE121,732
EE121,5177
EE121,2274
EE121,2123
EE121,779
EE121,318400
EE121,15700
EE121,140
EE121,132
EE121,21
EE121,9
EE121,44
EE12,9872
EE12,9823
EE12,29
EE12,0
EE12,19
EE12,9381
EE12,65
EE12,47
EE12,236
EE12,2135
EE12,3
EE12,6868
EE12,29
EE12,167
EE12,162
EE12,486
EE12,5177
EE12,2968
EE12,1476
EE12,420
EE12,83
EE12,732
EE12,5177
EE12,2274
EE12,2123
EE12,779
EE12,318400
EE12,15700
EE12,140
EE12,132
EE12,21
EE12,9
EE12,44
EE131,16529
EE131,16323
EE131,71
EE131,1
EE131,134
EE131,15228
EE131,254
EE131,105
EE131,395
EE131,4126
EE131,7
EE131,10148
EE131,200
EE131,1560
EE131,1722
EE131,1463
EE131,11858
EE131,6295
EE131,3840
EE131,953
EE131,372
EE131,1724
EE131,11858
EE131,3262
EE131,5478
EE131,3118
EE131,229400
EE131,20300
EE131,115
EE131,83
EE131,45
EE131,12
EE131,28
EE13,16529
EE13,16323
EE13,71
EE13,1
EE13,134
EE13,15228
EE13,254
EE13,105
EE13,395
EE13,4126
EE13,7
EE13,10148
EE13,200
EE13,1560
EE13,1722
EE13,1463
EE13,11858
EE13,6295
EE13,3840
EE13,953
EE13,372
EE13,1724
EE13,11858
EE13,3262
EE13,5478
EE13,3118
EE13,229400
EE13,20300
EE13,115
EE13,83
EE13,45
EE13,12
EE13,28
EE,41430
EE,41027
EE,210
EE,4
EE,190
EE,39043
EE,448
EE,182
EE,754
EE,8191
EE,12
EE,29188
EE,280
EE,3433
EE,3853
EE,2807
EE,25064
EE,14386
EE,6635
EE,1742
EE,622
EE,4042
EE,25064
EE,7903
EE,11945
EE,5216
EE,317800
EE,21500
EE,120
EE,88
EE,36
EE,11
EE,32
FF111,19288
FF111,17305
FF111,1884
FF111,41
FF111,C
FF111,C
FF111,18696
FF111,89
FF111,45
FF111,146
FF111,1122
FF111,4
FF111,14114
FF111,3096
FF111,83
FF111,1908
FF111,1966
FF111,651
FF111,8128
FF111,5866
FF111,1185
FF111,295
FF111,110
FF111,1077
FF111,8128
FF111,3196
FF111,3626
FF111,1305
FF111,1037700
FF111,35000
FF111,162
FF111,108
FF111,18
FF111,20
FF111,8
FF111,39
FF112,17921
FF112,15083
FF112,2565
FF112,159
FF112,1
FF112,113
FF112,16975
FF112,146
FF112,51
FF112,189
FF112,2206
FF112,9
FF112,11677
FF112,2555
FF112,151
FF112,2659
FF112,2576
FF112,863
FF112,10832
FF112,7571
FF112,921
FF112,364
FF112,129
FF112,2339
FF112,10832
FF112,3946
FF112,5296
FF112,1590
FF112,567900
FF112,27300
FF112,143
FF112,94
FF112,23
FF112,22
FF112,8
FF112,36
FF113,7423
FF113,7035
FF113,329
FF113,33
FF113,0
FF113,25
FF113,7270
FF113,46
FF113,18
FF113,34
FF113,427
FF113,1
FF113,5899
FF113,784
FF113,63
FF113,1438
FF113,1664
FF113,379
FF113,3903
FF113,3286
FF113,290
FF113,77
FF113,31
FF113,327
FF113,3903
FF113,1353
FF113,2166
FF113,385
FF113,1089000
FF113,55600
FF113,152
FF113,75
FF113,16
FF113,28
FF113,10
FF113,35
FF114,29020
FF114,26790
FF114,1973
FF114,94
FF114,0
FF114,161
FF114,28483
FF114,98
FF114,147
FF114,133
FF114,1080
FF114,10
FF114,23868
FF114,3059
FF114,98
FF114,1737
FF114,1781
FF114,580
FF114,8212
FF114,5754
FF114,1064
FF114,228
FF114,63
FF114,1394
FF114,8212
FF114,2386
FF114,4506
FF114,1319
FF114,1508300
FF114,30100
FF114,128
FF114,88
FF114,11
FF114,24
FF114,7
FF114,29
FF115,13752
FF115,12751
FF115,864
FF115,62
FF115,C
FF115,C
FF115,12954
FF115,101
FF115,39
FF115,135
FF115,1361
FF115,8
FF115,8741
FF115,2422
FF115,156
FF115,2071
FF115,2142
FF115,869
FF115,8324
FF115,6515
FF115,C
FF115,211
FF115,173
FF115,C
FF115,8324
FF115,3288
FF115,3963
FF115,1073
FF115,603200
FF115,38100
FF115,164
FF115,110
FF115,31
FF115,26
FF115,10
FF115,39
FF116,706
FF116,84
FF116,607
FF116,10
FF116,0
FF116,6
FF116,505
FF116,9
FF116,4
FF116,23
FF116,161
FF116,0
FF116,79
FF116,222
FF116,7
FF116,40
FF116,45
FF116,206
FF116,1477
FF116,461
FF116,C
FF116,32
FF116,11
FF116,C
FF116,1477
FF116,845
FF116,349
FF116,282
FF116,260600
FF116,75800
FF116,132
FF116,119
FF116,6
FF116,24
FF116,14
FF116,57
FF,88109
FF,79048
FF,8222
FF,399
FF,9
FF,431
FF,84883
FF,490
FF,304
FF,660
FF,6356
FF,31
FF,64378
FF,12138
FF,557
FF,9853
FF,10173
FF,3547
FF,40875
FF,29453
FF,4307
FF,1207
FF,517
FF,7115
FF,40875
FF,15013
FF,19907
FF,5954
FF,866300
FF,34900
FF,148
FF,97
FF,19
FF,24
FF,9
FF,37
GH11,15271
GH11,14806
GH11,423
GH11,32
GH11,0
GH11,9
GH11,15066
GH11,81
GH11,33
GH11,70
GH11,987
GH11,3
GH11,13006
GH11,879
GH11,10
GH11,1460
GH11,1575
GH11,320
GH11,3870
GH11,2836
GH11,628
GH11,181
GH11,81
GH11,406
GH11,3870
GH11,1081
GH11,2041
GH11,748
GH11,626300
GH11,13100
GH11,139
GH11,62
GH11,12
GH11,30
GH11,8
GH11,28
GH12,19410
GH12,18871
GH12,469
GH12,55
GH12,0
GH12,14
GH12,18548
GH12,62
GH12,32
GH12,231
GH12,1683
GH12,0
GH12,15005
GH12,1486
GH12,49
GH12,944
GH12,924
GH12,842
GH12,5916
GH12,2233
GH12,1928
GH12,411
GH12,81
GH12,1755
GH12,5916
GH12,1848
GH12,3008
GH12,1060
GH12,311600
GH12,13500
GH12,74
GH12,44
GH12,20
GH12,46
GH12,14
GH12,31
GH131,10881
GH131,10615
GH131,222
GH131,16
GH131,0
GH131,29
GH131,10702
GH131,63
GH131,40
GH131,107
GH131,1446
GH131,2
GH131,7529
GH131,1463
GH131,53
GH131,1373
GH131,1495
GH131,301
GH131,4428
GH131,2926
GH131,798
GH131,203
GH131,147
GH131,704
GH131,4428
GH131,1230
GH131,2349
GH131,849
GH131,319700
GH131,8800
GH131,125
GH131,61
GH131,29
GH131,24
GH131,7
GH131,28
GH132,5337
GH132,5160
GH132,98
GH132,65
GH132,0
GH132,14
GH132,5105
GH132,70
GH132,18
GH132,97
GH132,858
GH132,1
GH132,2833
GH132,1182
GH132,47
GH132,1312
GH132,1311
GH132,231
GH132,3606
GH132,2295
GH132,572
GH132,144
GH132,53
GH132,740
GH132,3606
GH132,941
GH132,1795
GH132,870
GH132,177700
GH132,7700
GH132,128
GH132,55
GH132,45
GH132,25
GH132,6
GH132,26
GH133,4110
GH133,4062
GH133,24
GH133,8
GH133,C
GH133,C
GH133,3953
GH133,C
GH133,19
GH133,72
GH133,633
GH133,0
GH133,2608
GH133,586
GH133,C
GH133,695
GH133,711
GH133,173
GH133,2423
GH133,976
GH133,480
GH133,141
GH133,4
GH133,967
GH133,2423
GH133,1204
GH133,424
GH133,795
GH133,220500
GH133,9300
GH133,230
GH133,63
GH133,36
GH133,14
GH133,7
GH133,50
GH134,4573
GH134,3997
GH134,526
GH134,29
GH134,1
GH134,19
GH134,4316
GH134,C
GH134,13
GH134,62
GH134,791
GH134,0
GH134,2391
GH134,1008
GH134,C
GH134,553
GH134,584
GH134,287
GH134,2350
GH134,1274
GH134,544
GH134,117
GH134,37
GH134,531
GH134,2350
GH134,849
GH134,963
GH134,538
GH134,203000
GH134,12800
GH134,132
GH134,72
GH134,40
GH134,34
GH134,12
GH134,36
GH135,945
GH135,746
GH135,182
GH135,6
GH135,0
GH135,11
GH135,901
GH135,18
GH135,2
GH135,16
GH135,158
GH135,0
GH135,420
GH135,278
GH135,9
GH135,94
GH135,104
GH135,55
GH135,588
GH135,409
GH135,112
GH135,40
GH135,16
GH135,67
GH135,588
GH135,234
GH135,246
GH135,108
GH135,309500
GH135,18000
GH135,166
GH135,124
GH135,44
GH135,24
GH135,9
GH135,40
GH13,25847
GH13,24580
GH13,1052
GH13,125
GH13,C
GH13,C
GH13,24977
GH13,213
GH13,92
GH13,354
GH13,3886
GH13,4
GH13,15781
GH13,4518
GH13,133
GH13,4028
GH13,4205
GH13,1047
GH13,13395
GH13,7880
GH13,2507
GH13,644
GH13,257
GH13,3008
GH13,13395
GH13,4458
GH13,5777
GH13,3160
GH13,238700
GH13,9700
GH13,136
GH13,64
GH13,36
GH13,23
GH13,8
GH13,33
GH211,2878
GH211,480
GH211,2310
GH211,32
GH211,C
GH211,C
GH211,2634
GH211,132
GH211,62
GH211,137
GH211,724
GH211,0
GH211,148
GH211,1373
GH211,58
GH211,41
GH211,42
GH211,245
GH211,7062
GH211,1085
GH211,4715
GH211,399
GH211,311
GH211,1261
GH211,7062
GH211,2616
GH211,1784
GH211,2662
GH211,107200
GH211,9100
GH211,61
GH211,58
GH211,69
GH211,9
GH211,3
GH211,37
GH212,8122
GH212,2235
GH212,5817
GH212,31
GH212,0
GH212,39
GH212,7786
GH212,88
GH212,44
GH212,250
GH212,2319
GH212,1
GH212,1107
GH212,3943
GH212,36
GH212,138
GH212,144
GH212,342
GH212,4754
GH212,1062
GH212,2544
GH212,517
GH212,281
GH212,1149
GH212,4754
GH212,1475
GH212,1977
GH212,1302
GH212,79600
GH212,3400
GH212,54
GH212,46
GH212,50
GH212,23
GH212,7
GH212,31
GH21,11000
GH21,2715
GH21,8127
GH21,63
GH21,C
GH21,C
GH21,10420
GH21,220
GH21,106
GH21,387
GH21,3043
GH21,1
GH21,1255
GH21,5316
GH21,94
GH21,178
GH21,186
GH21,587
GH21,11816
GH21,2147
GH21,7259
GH21,916
GH21,592
GH21,2410
GH21,11816
GH21,4091
GH21,3761
GH21,3964
GH21,85300
GH21,4600
GH21,57
GH21,52
GH21,54
GH21,14
GH21,5
GH21,35
GH,71528
GH,60972
GH,10070
GH,276
GH,9
GH,200
GH,69012
GH,576
GH,263
GH,1042
GH,9599
GH,8
GH,45047
GH,12199
GH,286
GH,6610
GH,6890
GH,2796
GH,34997
GH,15096
GH,12322
GH,2152
GH,1010
GH,7579
GH,34997
GH,11479
GH,14587
GH,8932
GH,220800
GH,8600
GH,103
GH,56
GH,26
GH,24
GH,8
GH,33
II111,7528
II111,7292
II111,32
II111,156
II111,47
II111,7097
II111,126
II111,438
II111,445
II111,1762
II111,1
II111,4277
II111,48
II111,31
II111,30
II111,429
II111,5386
II111,1458
II111,C
II111,745
II111,252
II111,C
II111,5386
II111,1832
II111,1753
II111,1801
II111,218100
II111,12400
II111,83
II111,81
II111,23
II111,8
II111,34
II11,7528
II11,7292
II11,32
II11,156
II11,47
II11,7097
II11,126
II11,438
II11,445
II11,1762
II11,1
II11,4277
II11,48
II11,31
II11,30
II11,429
II11,5386
II11,1458
II11,C
II11,745
II11,252
II11,C
II11,5386
II11,1832
II11,1753
II11,1801
II11,218100
II11,12400
II11,83
II11,81
II11,23
II11,8
II11,34
II12,7674
II12,6953
II12,C
II12,C
II12,C
II12,7028
II12,C
II12,23
II12,431
II12,1590
II12,C
II12,4748
II12,C
II12,54
II12,62
II12,654
II12,7391
II12,2569
II12,C
II12,495
II12,154
II12,C
II12,7391
II12,2713
II12,2878
II12,1800
II12,426200
II12,36300
II12,89
II12,87
II12,24
II12,9
II12,37
II131,2272
II131,2199
II131,C
II131,0
II131,C
II131,2102
II131,47
II131,31
II131,63
II131,635
II131,C
II131,1313
II131,14
II131,20
II131,18
II131,167
II131,2720
II131,599
II131,C
II131,107
II131,62
II131,C
II131,2720
II131,C
II131,812
II131,C
II131,175000
II131,12900
II131,74
II131,72
II131,C
II131,6
II131,C
II132,4379
II132,3774
II132,C
II132,C
II132,537
II132,3339
II132,212
II132,36
II132,331
II132,1060
II132,1
II132,1363
II132,336
II132,105
II132,116
II132,1050
II132,17858
II132,2475
II132,14134
II132,708
II132,122
II132,1249
II132,17858
II132,11600
II132,2501
II132,3757
II132,303800
II132,72900
II132,99
II132,94
II132,9
II132,6
II132,65
II133,904
II133,885
II133,4
II133,0
II133,15
II133,824
II133,18
II133,25
II133,43
II133,226
II133,0
II133,505
II133,5
II133,7
II133,8
II133,81
II133,1125
II133,254
II133,C
II133,93
II133,12
II133,C
II133,1125
II133,C
II133,279
II133,C
II133,213800
II133,19100
II133,91
II133,88
II133,C
II133,7
II133,C
II13,7554
II13,6858
II13,C
II13,C
II13,C
II13,6266
II13,278
II13,93
II13,438
II13,1922
II13,C
II13,3181
II13,355
II13,132
II13,142
II13,1298
II13,21703
II13,3328
II13,15184
II13,908
II13,195
II13,3192
II13,21703
II13,13533
II13,3592
II13,4579
II13,238900
II13,41100
II13,93
II13,89
II13,10
II13,6
II13,62
II,22755
II,21104
II,418
II,399
II,835
II,20391
II,C
II,553
II,1314
II,5274
II,27
II,12206
II,C
II,217
II,234
II,2381
II,34480
II,7354
II,21217
II,2148
II,600
II,5909
II,34480
II,18078
II,8223
II,8180
II,270400
II,28300
II,89
II,87
II,13
II,7
II,52
JJ11,4955
JJ11,4729
JJ11,C
JJ11,C
JJ11,C
JJ11,4416
JJ11,110
JJ11,12
JJ11,262
JJ11,1049
JJ11,C
JJ11,2920
JJ11,64
JJ11,45
JJ11,41
JJ11,536
JJ11,5791
JJ11,2505
JJ11,916
JJ11,241
JJ11,92
JJ11,2370
JJ11,5791
JJ11,2636
JJ11,2286
JJ11,868
JJ11,261600
JJ11,28300
JJ11,110
JJ11,108
JJ11,20
JJ11,9
JJ11,46
JJ12,8708
JJ12,8325
JJ12,C
JJ12,C
JJ12,C
JJ12,8566
JJ12,C
JJ12,22
JJ12,1329
JJ12,1282
JJ12,C
JJ12,4942
JJ12,C
JJ12,79
JJ12,79
JJ12,141
JJ12,19347
JJ12,8071
JJ12,6308
JJ12,1377
JJ12,44
JJ12,4969
JJ12,19347
JJ12,4364
JJ12,5126
JJ12,9857
JJ12,537200
JJ12,8700
JJ12,157
JJ12,156
JJ12,3
JJ12,1
JJ12,23
JJ,13663
JJ,13054
JJ,406
JJ,149
JJ,53
JJ,12982
JJ,C
JJ,34
JJ,1591
JJ,2331
JJ,35
JJ,7862
JJ,C
JJ,124
JJ,120
JJ,676
JJ,25138
JJ,10575
JJ,7224
JJ,1619
JJ,136
JJ,7339
JJ,25138
JJ,7001
JJ,7412
JJ,10725
JJ,388600
JJ,19200
JJ,143
JJ,141
JJ,10
JJ,3
JJ,28
LL111,3682
LL111,3301
LL111,251
LL111,0
LL111,131
LL111,3211
LL111,310
LL111,32
LL111,813
LL111,500
LL111,C
LL111,0
LL111,1496
LL111,61
LL111,188
LL111,270
LL111,554
LL111,13557
LL111,5033
LL111,6000
LL111,1641
LL111,539
LL111,2524
LL111,13557
LL111,4882
LL111,3265
LL111,5410
LL111,358500
LL111,53900
LL111,154
LL111,146
LL111,11
LL111,4
LL111,36
LL112,763
LL112,682
LL112,50
LL112,C
LL112,C
LL112,468
LL112,51
LL112,2
LL112,23
LL112,103
LL112,0
LL112,0
LL112,279
LL112,11
LL112,8
LL112,12
LL112,297
LL112,3577
LL112,1190
LL112,344
LL112,74
LL112,35
LL112,2042
LL112,3577
LL112,1892
LL112,608
LL112,1076
LL112,601000
LL112,234400
LL112,196
LL112,194
LL112,16
LL112,8
LL112,53
LL11,4445
LL11,3983
LL11,301
LL11,C
LL11,C
LL11,3679
LL11,361
LL11,33
LL11,836
LL11,603
LL11,C
LL11,0
LL11,1775
LL11,72
LL11,196
LL11,282
LL11,851
LL11,17134
LL11,6223
LL11,6344
LL11,1715
LL11,574
LL11,4566
LL11,17134
LL11,6775
LL11,3873
LL11,6486
LL11,385200
LL11,73800
LL11,161
LL11,153
LL11,13
LL11,5
LL11,40
LL122,16022
LL122,13516
LL122,751
LL122,C
LL122,C
LL122,9729
LL122,3116
LL122,524
LL122,797
LL122,418
LL122,1
LL122,0
LL122,4424
LL122,450
LL122,2990
LL122,2823
LL122,6126
LL122,164664
LL122,19909
LL122,124985
LL122,9821
LL122,6591
LL122,19770
LL122,164664
LL122,71873
LL122,29293
LL122,63498
LL122,3109400
LL122,1188900
LL122,68
LL122,58
LL122,9
LL122,4
LL122,44
LL123,3328
LL123,3236
LL123,34
LL123,0
LL123,59
LL123,2734
LL123,41
LL123,14
LL123,57
LL123,546
LL123,0
LL123,1016
LL123,1032
LL123,29
LL123,12
LL123,14
LL123,596
LL123,2771
LL123,955
LL123,1161
LL123,258
LL123,135
LL123,655
LL123,2771
LL123,1448
LL123,765
LL123,558
LL123,360500
LL123,64500
LL123,125
LL123,123
LL123,41
LL123,22
LL123,52
LL12,19351
LL12,16751
LL12,785
LL12,C
LL12,C
LL12,12463
LL12,3157
LL12,538
LL12,854
LL12,964
LL12,1
LL12,1016
LL12,5456
LL12,479
LL12,3003
LL12,2837
LL12,6722
LL12,167435
LL12,20864
LL12,126146
LL12,10078
LL12,6726
LL12,20425
LL12,167435
LL12,73321
LL12,30058
LL12,64056
LL12,1345200
LL12,467300
LL12,69
LL12,60
LL12,9
LL12,4
LL12,44
LL,23795
LL,20734
LL,1086
LL,34
LL,1941
LL,16142
LL,3518
LL,571
LL,1690
LL,1566
LL,C
LL,1016
LL,7230
LL,551
LL,3199
LL,3119
LL,7573
LL,184568
LL,27087
LL,132490
LL,11793
LL,7300
LL,24991
LL,184568
LL,80096
LL,33931
LL,70542
LL,917900
LL,292100
LL,80
LL,71
LL,9
LL,4
LL,43
MN111,7663
MN111,7391
MN111,89
MN111,121
MN111,62
MN111,6944
MN111,72
MN111,24
MN111,147
MN111,2913
MN111,3
MN111,3704
MN111,84
MN111,195
MN111,212
MN111,737
MN111,4363
MN111,2654
MN111,760
MN111,279
MN111,69
MN111,949
MN111,4363
MN111,1960
MN111,1879
MN111,524
MN111,233900
MN111,22500
MN111,141
MN111,130
MN111,38
MN111,17
MN111,45
MN112,5555
MN112,5505
MN112,C
MN112,C
MN112,23
MN112,4039
MN112,76
MN112,13
MN112,97
MN112,2089
MN112,1
MN112,1651
MN112,112
MN112,67
MN112,89
MN112,1539
MN112,2923
MN112,1595
MN112,469
MN112,159
MN112,53
MN112,859
MN112,2923
MN112,1267
MN112,1006
MN112,650
MN112,182300
MN112,50500
MN112,159
MN112,150
MN112,121
MN112,53
MN112,43
MN113,10104
MN113,8054
MN113,1712
MN113,73
MN113,265
MN113,8450
MN113,653
MN113,27
MN113,238
MN113,2874
MN113,5
MN113,4464
MN113,195
MN113,119
MN113,156
MN113,1691
MN113,42135
MN113,18122
MN113,2194
MN113,592
MN113,281
MN113,21819
MN113,42135
MN113,15695
MN113,17473
MN113,8967
MN113,322100
MN113,53900
MN113,104
MN113,103
MN113,11
MN113,4
MN113,37
MN114,1262
MN114,1246
MN114,C
MN114,C
MN114,5
MN114,1107
MN114,12
MN114,4
MN114,31
MN114,360
MN114,0
MN114,692
MN114,9
MN114,59
MN114,58
MN114,154
MN114,714
MN114,318
MN114,221
MN114,46
MN114,20
MN114,175
MN114,714
MN114,311
MN114,243
MN114,160
MN114,195400
MN114,23900
MN114,131
MN114,107
MN114,50
MN114,22
MN114,44
MN115,6682
MN115,6591
MN115,46
MN115,14
MN115,31
MN115,5986
MN115,29
MN115,14
MN115,138
MN115,2576
MN115,6
MN115,3176
MN115,54
MN115,40
MN115,45
MN115,701
MN115,3910
MN115,2770
MN115,370
MN115,161
MN115,54
MN115,769
MN115,3910
MN115,1617
MN115,1884
MN115,409
MN115,253200
MN115,26600
MN115,147
MN115,145
MN115,43
MN115,18
MN115,41
MN11,31265
MN11,28788
MN11,1874
MN11,218
MN11,385
MN11,26526
MN11,842
MN11,81
MN11,652
MN11,10811
MN11,15
MN11,13686
MN11,455
MN11,479
MN11,561
MN11,4822
MN11,54044
MN11,25460
MN11,4014
MN11,1237
MN11,477
MN11,24571
MN11,54044
MN11,20850
MN11,22485
MN11,10710
MN11,245300
MN11,37800
MN11,113
MN11,111
MN11,23
MN11,9
MN11,39
MN211,739
MN211,721
MN211,13
MN211,C
MN211,C
MN211,695
MN211,4
MN211,3
MN211,17
MN211,324
MN211,0
MN211,343
MN211,4
MN211,2
MN211,2
MN211,44
MN211,793
MN211,592
MN211,86
MN211,24
MN211,4
MN211,116
MN211,793
MN211,186
MN211,543
MN211,64
MN211,119700
MN211,7200
MN211,109
MN211,109
MN211,24
MN211,6
MN211,23
MN212,5079
MN212,4791
MN212,180
MN212,41
MN212,66
MN212,4723
MN212,73
MN212,11
MN212,84
MN212,1898
MN212,5
MN212,2490
MN212,167
MN212,40
MN212,48
MN212,363
MN212,4409
MN212,1939
MN212,1100
MN212,333
MN212,139
MN212,1370
MN212,4409
MN212,2034
MN212,1469
MN212,905
MN212,90400
MN212,6500
MN212,132
MN212,129
MN212,18
MN212,8
MN212,46
MN213,2650
MN213,2627
MN213,12
MN213,C
MN213,C
MN213,2447
MN213,34
MN213,9
MN213,86
MN213,973
MN213,0
MN213,1323
MN213,22
MN213,55
MN213,59
MN213,207
MN213,1932
MN213,699
MN213,855
MN213,183
MN213,102
MN213,378
MN213,1932
MN213,736
MN213,588
MN213,608
MN213,77400
MN213,6100
MN213,119
MN213,109
MN213,28
MN213,11
MN213,38
MN21,8468
MN21,8140
MN21,204
MN21,43
MN21,81
MN21,7865
MN21,111
MN21,22
MN21,188
MN21,3195
MN21,6
MN21,4155
MN21,193
MN21,97
MN21,109
MN21,615
MN21,7134
MN21,3229
MN21,2041
MN21,541
MN21,245
MN21,1864
MN21,7134
MN21,2956
MN21,2600
MN21,1577
MN21,87700
MN21,6400
MN21,124
MN21,120
MN21,21
MN21,9
MN21,41
MN,39733
MN,36928
MN,2079
MN,261
MN,466
MN,34391
MN,953
MN,103
MN,839
MN,14006
MN,21
MN,17842
MN,648
MN,576
MN,670
MN,5436
MN,61178
MN,28689
MN,6055
MN,1777
MN,722
MN,26434
MN,61178
MN,23806
MN,25085
MN,12287
MN,177400
MN,24300
MN,114
MN,112
MN,23
MN,9
MN,39
OO213,1047
OO213,1029
OO213,10
OO213,1
OO213,7
OO213,970
OO213,14
OO213,7
OO213,36
OO213,481
OO213,0
OO213,430
OO213,3
OO213,13
OO213,14
OO213,78
OO213,690
OO213,324
OO213,151
OO213,40
OO213,13
OO213,214
OO213,690
OO213,250
OO213,248
OO213,192
OO213,131
OO213,125
OO213,31
OO213,11
OO213,36
OO21,1047
OO21,1029
OO21,10
OO21,1
OO21,7
OO21,970
OO21,14
OO21,7
OO21,36
OO21,481
OO21,0
OO21,430
OO21,3
OO21,13
OO21,14
OO21,78
OO21,690
OO21,324
OO21,151
OO21,40
OO21,13
OO21,214
OO21,690
OO21,250
OO21,248
OO21,192
OO21,131
OO21,125
OO21,31
OO21,11
OO21,36
OO,1047
OO,1029
OO,10
OO,1
OO,7
OO,970
OO,14
OO,7
OO,36
OO,481
OO,0
OO,430
OO,3
OO,13
OO,14
OO,78
OO,690
OO,324
OO,151
OO,40
OO,13
OO,214
OO,690
OO,250
OO,248
OO,192
OO,131
OO,125
OO,31
OO,11
OO,36
PP111,1021
PP111,57
PP111,960
PP111,3
PP111,947
PP111,15
PP111,6
PP111,29
PP111,624
PP111,0
PP111,270
PP111,3
PP111,C
PP111,C
PP111,74
PP111,925
PP111,310
PP111,484
PP111,54
PP111,4
PP111,131
PP111,925
PP111,449
PP111,329
PP111,147
PP111,94
PP111,C
PP111,16
PP111,8
PP111,49
PP112,591
PP112,34
PP112,552
PP112,6
PP112,548
PP112,10
PP112,0
PP112,32
PP112,291
PP112,0
PP112,214
PP112,0
PP112,1
PP112,1
PP112,44
PP112,1692
PP112,C
PP112,1012
PP112,160
PP112,2
PP112,C
PP112,1692
PP112,1395
PP112,181
PP112,116
PP112,C
PP112,C
PP112,3
PP112,3
PP112,82
PP113,722
PP113,26
PP113,690
PP113,5
PP113,659
PP113,4
PP113,2
PP113,18
PP113,308
PP113,1
PP113,321
PP113,5
PP113,0
PP113,0
PP113,63
PP113,533
PP113,286
PP113,152
PP113,71
PP113,9
PP113,95
PP113,533
PP113,259
PP113,222
PP113,52
PP113,129
PP113,129
PP113,24
PP113,12
PP113,49
PP114,1191
PP114,79
PP114,1107
PP114,5
PP114,1093
PP114,13
PP114,4
PP114,36
PP114,457
PP114,1
PP114,577
PP114,6
PP114,C
PP114,C
PP114,98
PP114,1029
PP114,C
PP114,409
PP114,48
PP114,13
PP114,C
PP114,1029
PP114,599
PP114,350
PP114,80
PP114,C
PP114,C
PP114,16
PP114,10
PP114,58
PP,3524
PP,196
PP,3309
PP,19
PP,3246
PP,42
PP,13
PP,115
PP,1680
PP,2
PP,1382
PP,15
PP,11
PP,11
PP,278
PP,4179
PP,1242
PP,2057
PP,334
PP,29
PP,879
PP,4179
PP,2702
PP,1082
PP,395
PP,115
PP,114
PP,10
PP,7
PP,65
QQ111,909
QQ111,21
QQ111,880
QQ111,8
QQ111,852
QQ111,8
QQ111,5
QQ111,54
QQ111,346
QQ111,0
QQ111,429
QQ111,11
QQ111,19
QQ111,17
QQ111,55
QQ111,1178
QQ111,336
QQ111,731
QQ111,144
QQ111,10
QQ111,112
QQ111,1178
QQ111,872
QQ111,149
QQ111,158
QQ111,226
QQ111,215
QQ111,6
QQ111,5
QQ111,74
QQ112,8245
QQ112,202
QQ112,8021
QQ112,22
QQ112,7119
QQ112,145
QQ112,20
QQ112,198
QQ112,2865
QQ112,1
QQ112,3785
QQ112,106
QQ112,10
QQ112,9
QQ112,1125
QQ112,4803
QQ112,1925
QQ112,1398
QQ112,395
QQ112,110
QQ112,1480
QQ112,4803
QQ112,2426
QQ112,1714
QQ112,664
QQ112,112
QQ112,112
QQ112,46
QQ112,23
QQ112,51
QQ113,4800
QQ113,371
QQ113,4208
QQ113,221
QQ113,4351
QQ113,107
QQ113,34
QQ113,128
QQ113,2447
QQ113,1
QQ113,1614
QQ113,21
QQ113,14
QQ113,14
QQ113,449
QQ113,9241
QQ113,1528
QQ113,3747
QQ113,434
QQ113,95
QQ113,3966
QQ113,9241
QQ113,4631
QQ113,2015
QQ113,2594
QQ113,76
QQ113,75
QQ113,10
QQ113,5
QQ113,50
QQ,13954
QQ,594
QQ,13109
QQ,251
QQ,12322
QQ,260
QQ,58
QQ,380
QQ,5659
QQ,2
QQ,5828
QQ,138
QQ,42
QQ,39
QQ,1628
QQ,15222
QQ,3789
QQ,5875
QQ,972
QQ,215
QQ,5558
QQ,15222
QQ,7929
QQ,3877
QQ,3416
QQ,98
QQ,97
QQ,21
QQ,11
QQ,52
RS111,714
RS111,614
RS111,75
RS111,25
RS111,658
RS111,7
RS111,4
RS111,47
RS111,203
RS111,0
RS111,373
RS111,26
RS111,11
RS111,13
RS111,57
RS111,2467
RS111,C
RS111,1850
RS111,53
RS111,45
RS111,C
RS111,2467
RS111,2100
RS111,243
RS111,124
RS111,153600
RS111,12200
RS111,C
RS111,C
RS111,3
RS111,2
RS111,85
RS112,2564
RS112,1809
RS112,701
RS112,54
RS112,2454
RS112,C
RS112,14
RS112,192
RS112,709
RS112,0
RS112,1448
RS112,C
RS112,50
RS112,50
RS112,110
RS112,4807
RS112,1012
RS112,3147
RS112,312
RS112,98
RS112,648
RS112,4807
RS112,3076
RS112,988
RS112,743
RS112,117500
RS112,5000
RS112,102
RS112,97
RS112,4
RS112,2
RS112,64
RS113,3557
RS113,3530
RS113,10
RS113,16
RS113,2985
RS113,C
RS113,178
RS113,116
RS113,268
RS113,C
RS113,2146
RS113,C
RS113,10
RS113,11
RS113,574
RS113,1463
RS113,C
RS113,971
RS113,138
RS113,28
RS113,C
RS113,1463
RS113,816
RS113,538
RS113,110
RS113,630800
RS113,101800
RS113,C
RS113,C
RS113,70
RS113,39
RS113,56
RS11,6835
RS11,5954
RS11,786
RS11,95
RS11,6097
RS11,303
RS11,195
RS11,354
RS11,1180
RS11,C
RS11,3967
RS11,97
RS11,71
RS11,73
RS11,740
RS11,8738
RS11,1900
RS11,5968
RS11,503
RS11,171
RS11,870
RS11,8738
RS11,5992
RS11,1768
RS11,977
RS11,212800
RS11,23100
RS11,107
RS11,103
RS11,12
RS11,8
RS11,69
RS211,4576
RS211,4551
RS211,9
RS211,17
RS211,4240
RS211,44
RS211,21
RS211,88
RS211,1246
RS211,0
RS211,2829
RS211,12
RS211,251
RS211,259
RS211,344
RS211,2093
RS211,1122
RS211,672
RS211,165
RS211,80
RS211,298
RS211,2093
RS211,726
RS211,871
RS211,496
RS211,184600
RS211,13900
RS211,129
RS211,99
RS211,47
RS211,16
RS211,35
RS212,1722
RS212,1708
RS212,4
RS212,10
RS212,1551
RS212,28
RS212,12
RS212,68
RS212,572
RS212,0
RS212,861
RS212,9
RS212,50
RS212,48
RS212,170
RS212,1231
RS212,361
RS212,560
RS212,138
RS212,73
RS212,309
RS212,1231
RS212,412
RS212,380
RS212,439
RS212,103400
RS212,10200
RS212,95
RS212,82
RS212,41
RS212,14
RS212,33
RS214,2416
RS214,1301
RS214,903
RS214,212
RS214,2120
RS214,242
RS214,4
RS214,53
RS214,671
RS214,C
RS214,1118
RS214,31
RS214,14
RS214,14
RS214,296
RS214,7484
RS214,2772
RS214,1385
RS214,46
RS214,9
RS214,3327
RS214,7484
RS214,6489
RS214,919
RS214,75
RS214,178300
RS214,21900
RS214,302
RS214,300
RS214,5
RS214,4
RS214,87
RS21,8715
RS21,7560
RS21,916
RS21,238
RS21,7910
RS21,314
RS21,38
RS21,210
RS21,2489
RS21,C
RS21,4808
RS21,51
RS21,315
RS21,321
RS21,811
RS21,10807
RS21,4255
RS21,2617
RS21,348
RS21,162
RS21,3934
RS21,10807
RS21,7628
RS21,2170
RS21,1009
RS21,156300
RS21,14500
RS21,196
RS21,181
RS21,11
RS21,7
RS21,71
RS,15550
RS,13514
RS,1702
RS,334
RS,14008
RS,617
RS,233
RS,564
RS,3669
RS,5
RS,8776
RS,149
RS,386
RS,395
RS,1551
RS,19544
RS,6155
RS,8585
RS,852
RS,333
RS,4804
RS,19544
RS,13620
RS,3938
RS,1986
RS,177000
RS,17700
RS,156
RS,146
RS,11
RS,8
RS,70
ZZ11,42829
ZZ11,2919
ZZ11,39415
ZZ11,247
ZZ11,1
ZZ11,246
ZZ11,42792
ZZ11,486
ZZ11,97
ZZ11,852
ZZ11,4050
ZZ11,10
ZZ11,1740
ZZ11,35232
ZZ11,335
ZZ11,4133
ZZ11,4493
ZZ11,397
ZZ11,25227
ZZ11,10174
ZZ11,9028
ZZ11,1418
ZZ11,340
ZZ11,6025
ZZ11,25227
ZZ11,11098
ZZ11,11306
ZZ11,2823
ZZ11,612200
ZZ11,5700
ZZ11,90
ZZ11,50
ZZ11,40
ZZ11,4
ZZ11,2
ZZ11,44
KK111,30848
KK111,2915
KK111,26898
KK111,0
KK111,1035
KK111,23693
KK111,16953
KK111,C
KK111,404
KK111,2559
KK111,33
KK111,C
KK111,2904
KK111,819
KK111,5
KK111,6
KK111,7156
KK111,590213
KK111,181472
KK111,973
KK111,366
KK111,99
KK111,407767
KK111,590213
KK111,44972
KK111,345053
KK111,200187
KK111,1017800
KK111,236100
KK111,53
KK111,53
KK111,16
KK111,1
KK111,8
KK112,23915
KK112,1900
KK112,16169
KK112,6
KK112,5841
KK112,8767
KK112,5002
KK112,C
KK112,97
KK112,365
KK112,1
KK112,C
KK112,1594
KK112,1659
KK112,63
KK112,60
KK112,15145
KK112,307130
KK112,69061
KK112,8385
KK112,1288
KK112,749
KK112,229684
KK112,307130
KK112,143504
KK112,79136
KK112,84490
KK112,6370900
KK112,4034500
KK112,87
KK112,87
KK112,11
KK112,5
KK112,47
KK11,54763
KK11,4815
KK11,43067
KK11,6
KK11,6876
KK11,32460
KK11,21955
KK11,50
KK11,500
KK11,2923
KK11,34
KK11,55
KK11,4498
KK11,2478
KK11,68
KK11,65
KK11,22301
KK11,897343
KK11,250533
KK11,9358
KK11,1655
KK11,848
KK11,637452
KK11,897343
KK11,188476
KK11,424189
KK11,284677
KK11,1607700
KK11,654700
KK11,59
KK11,59
KK11,12
KK11,2
KK11,21
KK121,3282
KK121,2146
KK121,389
KK121,0
KK121,746
KK121,2702
KK121,C
KK121,C
KK121,13
KK121,98
KK121,C
KK121,306
KK121,1840
KK121,443
KK121,0
KK121,0
KK121,580
KK121,12860
KK121,12860
KK121,3755
KK121,3487900
KK121,616100
KK121,15
KK121,5
KK121,29
KK122,5892
KK122,5348
KK122,362
KK122,0
KK122,182
KK122,5446
KK122,C
KK122,C
KK122,45
KK122,700
KK122,C
KK122,197
KK122,4377
KK122,104
KK122,0
KK122,0
KK122,446
KK122,19651
KK122,19651
KK122,3991
KK122,740800
KK122,56000
KK122,11
KK122,2
KK122,20
KK12,9174
KK12,7494
KK12,751
KK12,0
KK12,929
KK12,8148
KK12,14
KK12,13
KK12,58
KK12,799
KK12,8
KK12,502
KK12,6217
KK12,546
KK12,0
KK12,0
KK12,1025
KK12,32511
KK12,32511
KK12,7746
KK12,1031300
KK12,115300
KK12,13
KK12,3
KK12,24
KK131,4944
KK131,4127
KK131,586
KK131,9
KK131,223
KK131,3719
KK131,187
KK131,14
KK131,95
KK131,1439
KK131,7
KK131,24
KK131,1884
KK131,76
KK131,31
KK131,30
KK131,1225
KK131,11090
KK131,11090
KK131,4775
KK131,340000
KK131,84200
KK131,26
KK131,11
KK131,43
KK13,4944
KK13,4127
KK13,586
KK13,9
KK13,223
KK13,3719
KK13,187
KK13,14
KK13,95
KK13,1439
KK13,7
KK13,24
KK13,1884
KK13,76
KK13,31
KK13,30
KK13,1225
KK13,11090
KK13,11090
KK13,4775
KK13,340000
KK13,84200
KK13,26
KK13,11
KK13,43
KK,68881
KK,16435
KK,44403
KK,15
KK,8028
KK,44327
KK,22156
KK,77
KK,653
KK,5161
KK,50
KK,581
KK,12599
KK,3101
KK,99
KK,96
KK,24551
KK,940943
KK,272101
KK,10080
KK,1871
KK,932
KK,658762
KK,940943
KK,200997
KK,443573
KK,296373
KK,1197900
KK,427000
KK,61
KK,61
KK,12
KK,3
KK,21
